{"stats":{"minecraft:mined":{"minecraft:grass_block":1},"minecraft:killed_by":{"minecraft:player":2},"minecraft:dropped":{"minecraft:golden_boots":2,"minecraft:enchanted_book":1,"farmersdelight:hamburger":2,"minecraft:anvil":1,"farmersdelight:skillet":1,"dungeons_plus:leviathan_blade":1,"pfm:mangrove_table_dinner":1,"firstaid:morphine":1,"minecraft:experience_bottle":5,"minecraft:leather_helmet":1,"pfm:dye_kit_yellow":3,"minecraft:leather_chestplate":1,"firstaid:bandage":1,"farmersdelight:golden_knife":1,"minecraft:milk_bucket":1,"minecraft:leather_boots":1,"minecraft:leather_leggings":1,"firstaid:plaster":1},"minecraft:killed":{"minecraft:pig":1,"minecraft:wandering_trader":2,"minecraft:trader_llama":2,"minecraft:turtle":2,"pfm:chair":1},"minecraft:used":{"minecraft:golden_boots":1,"minecraft:netherite_sword":13,"minecraft:water_bucket":42,"minecraft:leather_leggings":2,"minecraft:oak_planks":8,"pfm:mangrove_table_dinner":10,"minecraft:oak_sign":9,"minecraft:white_concrete_powder":1,"minecraft:spruce_planks":5,"farmersdelight:stove":1,"minecraft:leather_chestplate":2,"minecraft:stone":84,"minecraft:redstone_block":6,"securitycraft:scanner_door_item":1,"minecraft:grass":1,"minecraft:leather_boots":2,"farmersdelight:rice_bag":2,"minecraft:oak_leaves":73,"minecraft:white_wool":1,"minecraft:torch":1,"securitycraft:cobblestone_mine":1,"minecraft:dirt":125,"minecraft:sand":24,"minecraft:anvil":3,"minecraft:terracotta":9,"minecraft:tnt":13,"securitycraft:keypad_item":1,"farmersdelight:carrot_crate":6,"minecraft:spruce_stairs":6,"minecraft:sponge":16,"pfm:light_wood_chair_modern":5,"minecraft:milk_bucket":1,"minecraft:wandering_trader_spawn_egg":2,"pfm:light_blue_arm_chair":5,"farmersdelight:black_canvas_sign":3,"pfm:birch_table_basic":2,"minecraft:oak_log":28,"minecraft:glass":447,"minecraft:dark_oak_planks":13,"pfm:dark_wood_table_dinner":27,"securitycraft:reinforced_lever":1,"minecraft:red_wool":6,"minecraft:birch_slab":2,"minecraft:command_block":2,"minecraft:grass_block":113,"pfm:oak_chair_classic":1,"minecraft:barrier":22,"minecraft:pig_spawn_egg":1,"minecraft:leather_helmet":2,"vct:jungle_crafting_table":1,"minecraft:cherry_leaves":46,"pfm:oak_chair":5,"minecraft:bamboo_slab":24,"minecraft:pink_wool":3,"minecraft:yellow_wool":19,"minecraft:pink_petals":11,"minecraft:wooden_sword":7,"minecraft:diamond_sword":9,"minecraft:red_carpet":36,"farmersdelight:basket":1,"minecraft:dark_oak_fence":6,"vct:cherry_crafting_table":1,"pfm:stripped_oak_chair_modern":28,"minecraft:white_concrete":43,"minecraft:oak_hanging_sign":2,"minecraft:turtle_egg":1,"minecraft:purple_wool":35,"farmersdelight:hamburger":6,"minecraft:turtle_spawn_egg":2,"pfm:oak_table_dinner":8},"minecraft:picked_up":{"pfm:stripped_oak_chair_modern":14,"minecraft:pink_petals":5,"minecraft:leather_chestplate":2,"minecraft:feather":3,"minecraft:redstone_block":2,"minecraft:chicken":2,"minecraft:leather_leggings":2,"minecraft:leather":3,"farmersdelight:skillet":1,"minecraft:cornflower":1,"minecraft:dirt":1,"minecraft:wooden_sword":1,"minecraft:leather_boots":2,"minecraft:red_carpet":16,"minecraft:oak_sign":2,"minecraft:wheat_seeds":4,"farmersdelight:golden_knife":1,"firstaid:plaster":1,"pfm:oak_table_dinner":1,"minecraft:sand":1,"minecraft:porkchop":6,"minecraft:ink_sac":3,"minecraft:leather_helmet":2,"pfm:dye_kit_yellow":4,"dungeons_plus:leviathan_blade":1,"pfm:light_wood_chair_modern":1,"farmersdelight:hamburger":2,"pfm:mangrove_table_dinner":1,"firstaid:bandage":1,"pfm:furniture_book":1,"minecraft:seagrass":3},"minecraft:custom":{"minecraft:interact_with_anvil":5,"minecraft:mob_kills":8,"minecraft:leave_game":15,"minecraft:time_since_death":20850,"minecraft:time_since_rest":25526,"minecraft:sprint_one_cm":78391,"minecraft:damage_taken":1240,"minecraft:walk_one_cm":154751,"minecraft:drop":26,"minecraft:damage_dealt":1647,"minecraft:chair_used":13,"minecraft:swim_one_cm":2421,"minecraft:talked_to_villager":1,"minecraft:fly_one_cm":697178,"minecraft:player_kills":1,"minecraft:crouch_one_cm":1439,"minecraft:play_time":165746,"minecraft:deaths":5,"minecraft:sneak_time":3177,"minecraft:walk_under_water_one_cm":7342,"minecraft:jump":713,"minecraft:walk_on_water_one_cm":9103,"minecraft:total_world_time":165746,"minecraft:fall_one_cm":3862}},"DataVersion":3465}