{"stats":{"minecraft:picked_up":{"pfm:stripped_oak_chair_modern":14,"minecraft:seagrass":3,"minecraft:leather_chestplate":2,"minecraft:feather":3,"minecraft:redstone_block":2,"minecraft:chicken":2,"minecraft:leather_leggings":2,"minecraft:leather":3,"minecraft:cornflower":1,"minecraft:wooden_sword":1,"minecraft:leather_boots":2,"minecraft:red_carpet":16,"minecraft:oak_sign":2,"minecraft:wheat_seeds":4,"farmersdelight:golden_knife":1,"firstaid:plaster":1,"pfm:oak_table_dinner":1,"minecraft:porkchop":3,"minecraft:ink_sac":3,"minecraft:leather_helmet":2,"pfm:dye_kit_yellow":4,"dungeons_plus:leviathan_blade":1,"farmersdelight:hamburger":2,"pfm:mangrove_table_dinner":1,"pfm:furniture_book":1,"firstaid:bandage":1},"minecraft:used":{"minecraft:golden_boots":1,"minecraft:netherite_sword":10,"minecraft:water_bucket":42,"minecraft:leather_leggings":2,"pfm:mangrove_table_dinner":10,"minecraft:oak_planks":8,"minecraft:oak_sign":9,"minecraft:white_concrete_powder":1,"minecraft:spruce_planks":5,"minecraft:leather_chestplate":2,"minecraft:stone":83,"minecraft:redstone_block":6,"minecraft:grass":1,"minecraft:leather_boots":2,"farmersdelight:rice_bag":2,"minecraft:oak_leaves":73,"minecraft:white_wool":1,"minecraft:torch":1,"securitycraft:cobblestone_mine":1,"minecraft:dirt":82,"minecraft:sand":23,"minecraft:anvil":2,"minecraft:terracotta":9,"minecraft:tnt":13,"farmersdelight:carrot_crate":6,"minecraft:spruce_stairs":6,"minecraft:sponge":16,"pfm:light_wood_chair_modern":5,"minecraft:wandering_trader_spawn_egg":1,"pfm:light_blue_arm_chair":5,"farmersdelight:black_canvas_sign":3,"minecraft:oak_log":28,"minecraft:glass":447,"minecraft:dark_oak_planks":13,"pfm:dark_wood_table_dinner":27,"securitycraft:reinforced_lever":1,"minecraft:red_wool":6,"minecraft:command_block":1,"minecraft:birch_slab":2,"minecraft:grass_block":101,"minecraft:barrier":22,"pfm:oak_chair_classic":1,"minecraft:leather_helmet":2,"vct:jungle_crafting_table":1,"minecraft:cherry_leaves":46,"pfm:oak_chair":5,"minecraft:bamboo_slab":24,"minecraft:pink_wool":3,"minecraft:yellow_wool":19,"minecraft:wooden_sword":3,"minecraft:diamond_sword":9,"minecraft:red_carpet":36,"farmersdelight:basket":1,"minecraft:dark_oak_fence":6,"vct:cherry_crafting_table":1,"pfm:stripped_oak_chair_modern":28,"minecraft:white_concrete":43,"minecraft:oak_hanging_sign":2,"minecraft:turtle_egg":1,"minecraft:purple_wool":35,"farmersdelight:hamburger":5,"minecraft:turtle_spawn_egg":2,"pfm:oak_table_dinner":8},"minecraft:killed_by":{"minecraft:player":1},"minecraft:dropped":{"minecraft:golden_boots":2,"minecraft:enchanted_book":1,"farmersdelight:hamburger":2,"minecraft:anvil":1,"dungeons_plus:leviathan_blade":1,"pfm:mangrove_table_dinner":1,"firstaid:morphine":1,"minecraft:experience_bottle":5,"minecraft:leather_helmet":1,"pfm:dye_kit_yellow":3,"minecraft:leather_chestplate":1,"firstaid:bandage":1,"farmersdelight:golden_knife":1,"minecraft:leather_boots":1,"minecraft:leather_leggings":1,"firstaid:plaster":1},"minecraft:custom":{"minecraft:interact_with_anvil":3,"minecraft:mob_kills":6,"minecraft:leave_game":3,"minecraft:time_since_death":62729,"minecraft:time_since_rest":62758,"minecraft:sprint_one_cm":45842,"minecraft:damage_taken":160,"minecraft:walk_one_cm":104682,"minecraft:drop":24,"minecraft:damage_dealt":1192,"minecraft:chair_used":11,"minecraft:swim_one_cm":692,"minecraft:talked_to_villager":1,"minecraft:fly_one_cm":490233,"minecraft:crouch_one_cm":1037,"minecraft:play_time":108739,"minecraft:deaths":2,"minecraft:sneak_time":2383,"minecraft:walk_under_water_one_cm":1310,"minecraft:jump":321,"minecraft:walk_on_water_one_cm":3541,"minecraft:total_world_time":108739,"minecraft:fall_one_cm":2537},"minecraft:killed":{"minecraft:wandering_trader":1,"minecraft:trader_llama":2,"minecraft:turtle":2,"pfm:chair":1}},"DataVersion":3465}