{"stats":{"minecraft:used":{"minecraft:yellow_wool":19,"pfm:oak_table_dinner":7,"minecraft:glass":447,"minecraft:white_wool":1,"minecraft:red_carpet":36,"minecraft:command_block":1,"minecraft:red_wool":6,"minecraft:birch_slab":2,"minecraft:grass_block":83,"minecraft:barrier":12,"pfm:oak_chair_classic":1,"minecraft:white_concrete_powder":1,"pfm:stripped_oak_chair_modern":28,"minecraft:white_concrete":43,"minecraft:oak_hanging_sign":2,"minecraft:pink_wool":3,"minecraft:purple_wool":35},"minecraft:custom":{"minecraft:time_since_rest":28193,"minecraft:crouch_one_cm":176,"minecraft:sprint_one_cm":6277,"minecraft:play_time":28193,"minecraft:walk_one_cm":22359,"minecraft:sneak_time":745,"minecraft:jump":45,"minecraft:leave_game":1,"minecraft:time_since_death":28193,"minecraft:total_world_time":28193,"minecraft:fall_one_cm":685,"minecraft:fly_one_cm":101329}},"DataVersion":3465}