{"stats":{"minecraft:broken":{"minecraft:golden_boots":1},"minecraft:killed_by":{"minecraft:player":1},"minecraft:picked_up":{"minecraft:pink_petals":4,"firstaid:plaster":1,"minecraft:leather_chestplate":1,"minecraft:feather":2,"minecraft:chicken":1,"minecraft:anvil":1,"minecraft:leather_leggings":1,"minecraft:bamboo_slab":1,"minecraft:lead":2,"minecraft:dandelion":1,"minecraft:enchanted_book":1,"minecraft:porkchop":3,"firstaid:morphine":2,"minecraft:golden_boots":2,"minecraft:leather_helmet":1,"pfm:dye_kit_yellow":3,"minecraft:leather_boots":1,"dungeons_plus:leviathan_blade":1,"minecraft:experience_bottle":5,"minecraft:oak_sign":4,"minecraft:lever":1,"farmersdelight:hamburger":1,"firstaid:bandage":1,"farmersdelight:black_canvas_sign":1},"minecraft:custom":{"minecraft:time_since_rest":3627,"minecraft:sprint_one_cm":126777,"minecraft:damage_taken":1568,"minecraft:walk_one_cm":202529,"minecraft:mob_kills":3,"minecraft:interact_with_anvil":5,"minecraft:drop":4,"minecraft:damage_dealt":537,"minecraft:chair_used":4,"minecraft:interact_with_crafting_table":1,"minecraft:swim_one_cm":5341,"minecraft:talked_to_villager":1,"minecraft:fly_one_cm":612602,"minecraft:player_kills":2,"minecraft:crouch_one_cm":3219,"minecraft:play_time":123642,"minecraft:deaths":6,"minecraft:sneak_time":2749,"minecraft:walk_under_water_one_cm":13097,"minecraft:jump":1074,"minecraft:leave_game":7,"minecraft:time_since_death":3594,"minecraft:walk_on_water_one_cm":20255,"minecraft:total_world_time":123642,"minecraft:fall_one_cm":9640},"minecraft:dropped":{"dungeons_plus:leviathan_blade":1,"pfm:dye_kit_yellow":3},"minecraft:killed":{"minecraft:pig":1,"minecraft:chicken":2},"minecraft:used":{"minecraft:golden_boots":2,"minecraft:oak_fence":14,"minecraft:dark_oak_planks":36,"minecraft:dark_oak_stairs":2,"minecraft:lever":2,"minecraft:leather_leggings":1,"minecraft:command_block":5,"minecraft:grass_block":104,"minecraft:barrier":1,"minecraft:cherry_slab":3,"minecraft:oak_planks":18,"minecraft:leather_helmet":1,"minecraft:dark_oak_leaves":5,"minecraft:leather_chestplate":1,"minecraft:cherry_leaves":89,"minecraft:bamboo_slab":7,"minecraft:leather_boots":1,"minecraft:sand":1,"minecraft:oak_leaves":48,"minecraft:pink_petals":241,"farmersdelight:basket":1,"minecraft:wooden_sword":7,"minecraft:dirt":56,"minecraft:anvil":1,"minecraft:cherry_stairs":22,"pfm:dark_wood_table_basic":2,"minecraft:dark_oak_fence":37,"minecraft:sponge":6,"pfm:light_wood_chair_modern":22,"minecraft:netherite_sword":1,"farmersdelight:black_canvas_sign":9},"minecraft:mined":{"minecraft:pink_petals":2,"minecraft:grass":2}},"DataVersion":3465}