{"stats":{"minecraft:picked_up":{"minecraft:pink_petals":2,"firstaid:plaster":1,"minecraft:leather_chestplate":1,"minecraft:feather":2,"minecraft:chicken":1,"minecraft:anvil":1,"minecraft:leather_leggings":1,"minecraft:lead":2,"minecraft:dandelion":1,"minecraft:enchanted_book":1,"minecraft:porkchop":3,"firstaid:morphine":2,"minecraft:golden_boots":2,"minecraft:leather_helmet":1,"pfm:dye_kit_yellow":3,"minecraft:leather_boots":1,"dungeons_plus:leviathan_blade":1,"minecraft:experience_bottle":5,"minecraft:oak_sign":4,"farmersdelight:hamburger":1,"firstaid:bandage":1},"minecraft:used":{"minecraft:golden_boots":2,"minecraft:oak_fence":14,"minecraft:netherite_sword":1,"minecraft:dark_oak_planks":36,"minecraft:dark_oak_stairs":2,"minecraft:leather_leggings":1,"minecraft:command_block":3,"minecraft:grass_block":98,"minecraft:barrier":1,"minecraft:cherry_slab":3,"minecraft:oak_planks":18,"minecraft:leather_helmet":1,"minecraft:dark_oak_leaves":5,"minecraft:leather_chestplate":1,"minecraft:cherry_leaves":89,"minecraft:bamboo_slab":5,"minecraft:leather_boots":1,"minecraft:oak_leaves":48,"minecraft:pink_petals":202,"farmersdelight:basket":1,"minecraft:wooden_sword":7,"minecraft:dirt":50,"minecraft:anvil":1,"minecraft:cherry_stairs":22,"pfm:dark_wood_table_basic":2,"minecraft:dark_oak_fence":37,"minecraft:sponge":6,"pfm:light_wood_chair_modern":21},"minecraft:dropped":{"dungeons_plus:leviathan_blade":1,"pfm:dye_kit_yellow":3},"minecraft:custom":{"minecraft:time_since_rest":56312,"minecraft:sprint_one_cm":73535,"minecraft:damage_taken":1088,"minecraft:walk_one_cm":145614,"minecraft:interact_with_anvil":5,"minecraft:mob_kills":3,"minecraft:drop":4,"minecraft:damage_dealt":402,"minecraft:chair_used":2,"minecraft:swim_one_cm":1855,"minecraft:talked_to_villager":1,"minecraft:interact_with_crafting_table":1,"minecraft:fly_one_cm":322576,"minecraft:player_kills":1,"minecraft:crouch_one_cm":2827,"minecraft:play_time":69245,"minecraft:deaths":2,"minecraft:sneak_time":1756,"minecraft:walk_under_water_one_cm":5945,"minecraft:jump":630,"minecraft:leave_game":5,"minecraft:walk_on_water_one_cm":10759,"minecraft:time_since_death":56282,"minecraft:total_world_time":69245,"minecraft:fall_one_cm":6581},"minecraft:broken":{"minecraft:golden_boots":1},"minecraft:killed":{"minecraft:pig":1,"minecraft:chicken":2}},"DataVersion":3465}