{"stats":{"minecraft:broken":{"minecraft:golden_boots":1},"minecraft:custom":{"minecraft:time_since_rest":40366,"minecraft:sprint_one_cm":69119,"minecraft:damage_taken":1088,"minecraft:walk_one_cm":138050,"minecraft:mob_kills":3,"minecraft:interact_with_anvil":5,"minecraft:drop":4,"minecraft:damage_dealt":402,"minecraft:chair_used":2,"minecraft:interact_with_crafting_table":1,"minecraft:fly_one_cm":281368,"minecraft:player_kills":1,"minecraft:crouch_one_cm":2663,"minecraft:play_time":53299,"minecraft:deaths":2,"minecraft:sneak_time":1606,"minecraft:walk_under_water_one_cm":5682,"minecraft:jump":521,"minecraft:leave_game":4,"minecraft:walk_on_water_one_cm":10353,"minecraft:time_since_death":40336,"minecraft:total_world_time":53299,"minecraft:fall_one_cm":6581},"minecraft:used":{"minecraft:golden_boots":2,"minecraft:oak_fence":14,"minecraft:dark_oak_stairs":2,"minecraft:dark_oak_planks":36,"minecraft:netherite_sword":1,"minecraft:leather_leggings":1,"minecraft:grass_block":98,"minecraft:cherry_slab":3,"minecraft:oak_planks":18,"minecraft:dark_oak_leaves":5,"minecraft:leather_helmet":1,"minecraft:leather_chestplate":1,"minecraft:cherry_leaves":89,"minecraft:bamboo_slab":5,"minecraft:leather_boots":1,"minecraft:oak_leaves":48,"minecraft:pink_petals":202,"farmersdelight:basket":1,"minecraft:wooden_sword":7,"minecraft:dirt":50,"minecraft:anvil":1,"minecraft:cherry_stairs":22,"pfm:dark_wood_table_basic":2,"minecraft:dark_oak_fence":37,"minecraft:sponge":6,"pfm:light_wood_chair_modern":21},"minecraft:dropped":{"dungeons_plus:leviathan_blade":1,"pfm:dye_kit_yellow":3},"minecraft:picked_up":{"firstaid:plaster":1,"minecraft:leather_chestplate":1,"minecraft:feather":2,"minecraft:chicken":1,"minecraft:anvil":1,"minecraft:leather_leggings":1,"minecraft:lead":2,"minecraft:dandelion":1,"minecraft:enchanted_book":1,"minecraft:porkchop":3,"firstaid:morphine":2,"minecraft:golden_boots":2,"minecraft:leather_helmet":1,"pfm:dye_kit_yellow":3,"minecraft:leather_boots":1,"dungeons_plus:leviathan_blade":1,"minecraft:experience_bottle":5,"minecraft:oak_sign":4,"farmersdelight:hamburger":1,"firstaid:bandage":1},"minecraft:killed":{"minecraft:pig":1,"minecraft:chicken":2}},"DataVersion":3465}