{
  "pfm:grant_book_on_first_join": {
    "criteria": {
      "tick": "2024-05-27 08:31:59 +0000"
    },
    "done": true
  },
  "stellarity:cursed_tome/root": {
    "criteria": {
      "requirement": "2024-05-27 08:32:00 +0000"
    },
    "done": true
  },
  "stellarity:dragons_den/cursed_tome/root": {
    "criteria": {
      "requirement": "2024-05-27 08:32:00 +0000"
    },
    "done": true
  },
  "minecraft:adventure/adventuring_time": {
    "criteria": {
      "minecraft:river": "2024-05-27 08:53:59 +0000",
      "minecraft:swamp": "2024-05-27 08:54:02 +0000",
      "minecraft:windswept_gravelly_hills": "2024-05-27 08:32:33 +0000",
      "minecraft:plains": "2024-05-27 08:32:01 +0000"
    },
    "done": false
  },
  "sophisticatedbackpacks:recipes/misc/iron_backpack": {
    "criteria": {
      "has_backpack": "2024-05-27 08:33:23 +0000"
    },
    "done": true
  },
  "securitycraft:recipes/building_blocks/reinforced_light_gray_stained_glass": {
    "criteria": {
      "has_glass": "2024-05-27 08:40:58 +0000"
    },
    "done": true
  },
  "securitycraft:recipes/building_blocks/reinforced_green_stained_glass_pane_from_dye": {
    "criteria": {
      "has_glass": "2024-05-27 08:40:58 +0000"
    },
    "done": true
  },
  "pfm:recipes/furniture/smooth_stone_kitchen_counter_oven": {
    "criteria": {
      "has_planks": "2024-05-27 08:43:19 +0000"
    },
    "done": true
  },
  "pfm:recipes/furniture/concrete_kitchen_wall_counter": {
    "criteria": {
      "has_planks": "2024-05-27 08:43:19 +0000"
    },
    "done": true
  },
  "securitycraft:recipes/building_blocks/reinforced_orange_stained_glass": {
    "criteria": {
      "has_glass": "2024-05-27 08:40:58 +0000"
    },
    "done": true
  },
  "pfm:recipes/furniture/concrete_kitchen_cabinet": {
    "criteria": {
      "has_planks": "2024-05-27 08:43:19 +0000"
    },
    "done": true
  },
  "minecraft:recipes/building_blocks/light_blue_stained_glass": {
    "criteria": {
      "has_glass": "2024-05-27 08:40:58 +0000"
    },
    "done": true
  },
  "pfm:recipes/building_blocks/birch_herringbone_planks": {
    "criteria": {
      "has_wood_slabs": "2024-05-27 08:49:40 +0000"
    },
    "done": true
  },
  "minecraft:recipes/decorations/purple_bed": {
    "criteria": {
      "has_purple_wool": "2024-05-27 08:42:20 +0000"
    },
    "done": true
  },
  "securitycraft:recipes/building_blocks/reinforced_glass_pane": {
    "criteria": {
      "has_glass": "2024-05-27 08:40:58 +0000"
    },
    "done": true
  },
  "securitycraft:recipes/building_blocks/reinforced_black_stained_glass": {
    "criteria": {
      "has_glass": "2024-05-27 08:40:58 +0000"
    },
    "done": true
  },
  "minecraft:recipes/building_blocks/orange_stained_glass": {
    "criteria": {
      "has_glass": "2024-05-27 08:40:58 +0000"
    },
    "done": true
  },
  "securitycraft:recipes/building_blocks/reinforced_purple_stained_glass_pane_from_glass": {
    "criteria": {
      "has_glass": "2024-05-27 08:40:58 +0000"
    },
    "done": true
  },
  "securitycraft:recipes/building_blocks/reinforced_blue_stained_glass_pane_from_dye": {
    "criteria": {
      "has_glass": "2024-05-27 08:40:58 +0000"
    },
    "done": true
  },
  "pfm:recipes/furniture/oak_chair_classic_pink": {
    "criteria": {
      "oak_chair_classic_pink": "2024-05-27 08:50:51 +0000"
    },
    "done": true
  },
  "minecraft:recipes/building_blocks/pink_stained_glass": {
    "criteria": {
      "has_glass": "2024-05-27 08:40:58 +0000"
    },
    "done": true
  },
  "minecraft:recipes/building_blocks/black_stained_glass": {
    "criteria": {
      "has_glass": "2024-05-27 08:40:58 +0000"
    },
    "done": true
  },
  "pfm:recipes/furniture/concrete_kitchen_wall_drawer": {
    "criteria": {
      "has_planks": "2024-05-27 08:43:19 +0000"
    },
    "done": true
  },
  "pfm:recipes/furniture/smooth_stone_kitchen_wall_counter": {
    "criteria": {
      "has_planks": "2024-05-27 08:43:19 +0000"
    },
    "done": true
  },
  "minecraft:recipes/building_blocks/gray_stained_glass": {
    "criteria": {
      "has_glass": "2024-05-27 08:40:58 +0000"
    },
    "done": true
  },
  "pfm:recipes/furniture/white_stove": {
    "criteria": {
      "has_white_concrete": "2024-05-27 08:43:19 +0000"
    },
    "done": true
  },
  "securitycraft:recipes/building_blocks/reinforced_light_blue_stained_glass_pane_from_dye": {
    "criteria": {
      "has_glass": "2024-05-27 08:40:58 +0000"
    },
    "done": true
  },
  "pfm:recipes/furniture/smooth_stone_kitchen_wall_small_drawer": {
    "criteria": {
      "has_planks": "2024-05-27 08:43:19 +0000"
    },
    "done": true
  },
  "pfm:recipes/furniture/concrete_kitchen_counter_oven": {
    "criteria": {
      "has_planks": "2024-05-27 08:43:19 +0000"
    },
    "done": true
  },
  "pfm:recipes/furniture/concrete_kitchen_counter": {
    "criteria": {
      "has_planks": "2024-05-27 08:43:19 +0000"
    },
    "done": true
  },
  "securitycraft:recipes/building_blocks/reinforced_lime_stained_glass_pane_from_glass": {
    "criteria": {
      "has_glass": "2024-05-27 08:40:58 +0000"
    },
    "done": true
  },
  "pfm:recipes/furniture/concrete_kitchen_wall_small_drawer": {
    "criteria": {
      "has_planks": "2024-05-27 08:43:19 +0000"
    },
    "done": true
  },
  "pfm:recipes/furniture/yellow_shower_towel": {
    "criteria": {
      "has_yellow_wool": "2024-05-27 08:50:49 +0000"
    },
    "done": true
  },
  "pfm:recipes/furniture/white_freezer": {
    "criteria": {
      "has_white_concrete": "2024-05-27 08:43:19 +0000"
    },
    "done": true
  },
  "securitycraft:recipes/building_blocks/reinforced_light_blue_stained_glass_pane_from_glass": {
    "criteria": {
      "has_glass": "2024-05-27 08:40:58 +0000"
    },
    "done": true
  },
  "minecraft:recipes/decorations/purple_carpet": {
    "criteria": {
      "has_purple_wool": "2024-05-27 08:42:20 +0000"
    },
    "done": true
  },
  "securitycraft:recipes/building_blocks/reinforced_cyan_stained_glass": {
    "criteria": {
      "has_glass": "2024-05-27 08:40:58 +0000"
    },
    "done": true
  },
  "securitycraft:recipes/building_blocks/reinforced_purple_stained_glass_pane_from_dye": {
    "criteria": {
      "has_glass": "2024-05-27 08:40:58 +0000"
    },
    "done": true
  },
  "securitycraft:recipes/building_blocks/reinforced_white_stained_glass": {
    "criteria": {
      "has_glass": "2024-05-27 08:40:58 +0000"
    },
    "done": true
  },
  "minecraft:recipes/building_blocks/red_stained_glass": {
    "criteria": {
      "has_glass": "2024-05-27 08:40:58 +0000"
    },
    "done": true
  },
  "securitycraft:recipes/building_blocks/reinforced_red_stained_glass_pane_from_dye": {
    "criteria": {
      "has_glass": "2024-05-27 08:40:58 +0000"
    },
    "done": true
  },
  "minecraft:recipes/decorations/red_banner": {
    "criteria": {
      "has_red_wool": "2024-05-27 08:48:36 +0000"
    },
    "done": true
  },
  "securitycraft:recipes/building_blocks/reinforced_magenta_stained_glass": {
    "criteria": {
      "has_glass": "2024-05-27 08:40:58 +0000"
    },
    "done": true
  },
  "securitycraft:recipes/building_blocks/reinforced_black_stained_glass_pane_from_dye": {
    "criteria": {
      "has_glass": "2024-05-27 08:40:58 +0000"
    },
    "done": true
  },
  "minecraft:recipes/building_blocks/light_gray_stained_glass": {
    "criteria": {
      "has_glass": "2024-05-27 08:40:58 +0000"
    },
    "done": true
  },
  "pfm:recipes/furniture/smooth_stone_kitchen_wall_drawer": {
    "criteria": {
      "has_planks": "2024-05-27 08:43:19 +0000"
    },
    "done": true
  },
  "securitycraft:recipes/building_blocks/reinforced_yellow_stained_glass_pane_from_glass": {
    "criteria": {
      "has_glass": "2024-05-27 08:40:58 +0000"
    },
    "done": true
  },
  "securitycraft:recipes/building_blocks/reinforced_green_stained_glass_pane_from_glass": {
    "criteria": {
      "has_glass": "2024-05-27 08:40:58 +0000"
    },
    "done": true
  },
  "pfm:recipes/furniture/concrete_kitchen_drawer": {
    "criteria": {
      "has_planks": "2024-05-27 08:43:19 +0000"
    },
    "done": true
  },
  "pfm:recipes/furniture/white_shower_towel": {
    "criteria": {
      "has_white_wool": "2024-05-27 08:42:22 +0000"
    },
    "done": true
  },
  "securitycraft:recipes/building_blocks/reinforced_blue_stained_glass_pane_from_glass": {
    "criteria": {
      "has_glass": "2024-05-27 08:40:58 +0000"
    },
    "done": true
  },
  "minecraft:recipes/decorations/pink_bed": {
    "criteria": {
      "has_pink_wool": "2024-05-27 08:50:51 +0000"
    },
    "done": true
  },
  "securitycraft:recipes/building_blocks/reinforced_gray_stained_glass_pane_from_glass": {
    "criteria": {
      "has_glass": "2024-05-27 08:40:58 +0000"
    },
    "done": true
  },
  "minecraft:recipes/building_blocks/cyan_stained_glass": {
    "criteria": {
      "has_glass": "2024-05-27 08:40:58 +0000"
    },
    "done": true
  },
  "securitycraft:recipes/building_blocks/reinforced_green_stained_glass": {
    "criteria": {
      "has_glass": "2024-05-27 08:40:58 +0000"
    },
    "done": true
  },
  "pfm:recipes/furniture/purple_shower_towel": {
    "criteria": {
      "has_purple_wool": "2024-05-27 08:42:20 +0000"
    },
    "done": true
  },
  "securitycraft:recipes/building_blocks/reinforced_blue_stained_glass": {
    "criteria": {
      "has_glass": "2024-05-27 08:40:58 +0000"
    },
    "done": true
  },
  "securitycraft:recipes/building_blocks/reinforced_light_gray_stained_glass_pane_from_glass": {
    "criteria": {
      "has_glass": "2024-05-27 08:40:58 +0000"
    },
    "done": true
  },
  "securitycraft:recipes/building_blocks/reinforced_yellow_stained_glass": {
    "criteria": {
      "has_glass": "2024-05-27 08:40:58 +0000"
    },
    "done": true
  },
  "pfm:recipes/furniture/concrete_kitchen_sink": {
    "criteria": {
      "has_planks": "2024-05-27 08:43:19 +0000"
    },
    "done": true
  },
  "pfm:recipes/furniture/oak_chair_classic_purple": {
    "criteria": {
      "oak_chair_classic_purple": "2024-05-27 08:42:20 +0000"
    },
    "done": true
  },
  "securitycraft:recipes/building_blocks/reinforced_purple_stained_glass": {
    "criteria": {
      "has_glass": "2024-05-27 08:40:58 +0000"
    },
    "done": true
  },
  "minecraft:recipes/decorations/barrel": {
    "criteria": {
      "has_wood_slab": "2024-05-27 08:49:40 +0000"
    },
    "done": true
  },
  "minecraft:recipes/decorations/yellow_carpet": {
    "criteria": {
      "has_yellow_wool": "2024-05-27 08:50:49 +0000"
    },
    "done": true
  },
  "minecraft:recipes/decorations/white_bed": {
    "criteria": {
      "has_white_wool": "2024-05-27 08:42:22 +0000"
    },
    "done": true
  },
  "minecraft:recipes/decorations/pink_banner": {
    "criteria": {
      "has_pink_wool": "2024-05-27 08:50:51 +0000"
    },
    "done": true
  },
  "pfm:recipes/furniture/basic_plate": {
    "criteria": {
      "has_white_concrete": "2024-05-27 08:43:19 +0000"
    },
    "done": true
  },
  "pfm:recipes/furniture/smooth_stone_kitchen_cabinet": {
    "criteria": {
      "has_planks": "2024-05-27 08:43:19 +0000"
    },
    "done": true
  },
  "pfm:recipes/furniture/white_oven_range_hood": {
    "criteria": {
      "has_white_concrete": "2024-05-27 08:43:19 +0000"
    },
    "done": true
  },
  "minecraft:recipes/decorations/red_bed": {
    "criteria": {
      "has_red_wool": "2024-05-27 08:48:36 +0000"
    },
    "done": true
  },
  "securitycraft:recipes/building_blocks/reinforced_red_stained_glass_pane_from_glass": {
    "criteria": {
      "has_glass": "2024-05-27 08:40:58 +0000"
    },
    "done": true
  },
  "securitycraft:recipes/building_blocks/reinforced_brown_stained_glass_pane_from_dye": {
    "criteria": {
      "has_glass": "2024-05-27 08:40:58 +0000"
    },
    "done": true
  },
  "minecraft:recipes/building_blocks/green_stained_glass": {
    "criteria": {
      "has_glass": "2024-05-27 08:40:58 +0000"
    },
    "done": true
  },
  "securitycraft:recipes/building_blocks/reinforced_lime_stained_glass": {
    "criteria": {
      "has_glass": "2024-05-27 08:40:58 +0000"
    },
    "done": true
  },
  "minecraft:recipes/building_blocks/brown_stained_glass": {
    "criteria": {
      "has_glass": "2024-05-27 08:40:58 +0000"
    },
    "done": true
  },
  "securitycraft:recipes/building_blocks/reinforced_black_stained_glass_pane_from_glass": {
    "criteria": {
      "has_glass": "2024-05-27 08:40:58 +0000"
    },
    "done": true
  },
  "securitycraft:recipes/building_blocks/reinforced_red_stained_glass": {
    "criteria": {
      "has_glass": "2024-05-27 08:40:58 +0000"
    },
    "done": true
  },
  "pfm:recipes/furniture/pink_shower_towel": {
    "criteria": {
      "has_pink_wool": "2024-05-27 08:50:51 +0000"
    },
    "done": true
  },
  "minecraft:recipes/building_blocks/blue_stained_glass": {
    "criteria": {
      "has_glass": "2024-05-27 08:40:58 +0000"
    },
    "done": true
  },
  "pfm:recipes/furniture/smooth_stone_kitchen_sink": {
    "criteria": {
      "has_planks": "2024-05-27 08:43:19 +0000"
    },
    "done": true
  },
  "pfm:recipes/furniture/oak_chair_classic_yellow": {
    "criteria": {
      "oak_chair_classic_yellow": "2024-05-27 08:50:49 +0000"
    },
    "done": true
  },
  "minecraft:recipes/decorations/painting": {
    "criteria": {
      "has_wool": "2024-05-27 08:42:20 +0000"
    },
    "done": true
  },
  "securitycraft:recipes/building_blocks/reinforced_white_stained_glass_pane_from_glass": {
    "criteria": {
      "has_glass": "2024-05-27 08:40:58 +0000"
    },
    "done": true
  },
  "pfm:recipes/furniture/white_modern_stool": {
    "criteria": {
      "has_planks": "2024-05-27 08:43:19 +0000"
    },
    "done": true
  },
  "minecraft:recipes/decorations/composter": {
    "criteria": {
      "has_wood_slab": "2024-05-27 08:49:40 +0000"
    },
    "done": true
  },
  "securitycraft:recipes/building_blocks/reinforced_white_stained_glass_pane_from_dye": {
    "criteria": {
      "has_glass": "2024-05-27 08:40:58 +0000"
    },
    "done": true
  },
  "securitycraft:recipes/building_blocks/reinforced_magenta_stained_glass_pane_from_dye": {
    "criteria": {
      "has_glass": "2024-05-27 08:40:58 +0000"
    },
    "done": true
  },
  "securitycraft:recipes/building_blocks/reinforced_cyan_stained_glass_pane_from_dye": {
    "criteria": {
      "has_glass": "2024-05-27 08:40:58 +0000"
    },
    "done": true
  },
  "minecraft:recipes/building_blocks/lime_stained_glass": {
    "criteria": {
      "has_glass": "2024-05-27 08:40:58 +0000"
    },
    "done": true
  },
  "minecraft:recipes/decorations/yellow_bed": {
    "criteria": {
      "has_yellow_wool": "2024-05-27 08:50:49 +0000"
    },
    "done": true
  },
  "pfm:recipes/furniture/white_mirror": {
    "criteria": {
      "has_white_concrete": "2024-05-27 08:43:19 +0000"
    },
    "done": true
  },
  "pfm:recipes/furniture/white_fridge": {
    "criteria": {
      "has_white_concrete": "2024-05-27 08:43:19 +0000"
    },
    "done": true
  },
  "securitycraft:recipes/building_blocks/reinforced_gray_stained_glass": {
    "criteria": {
      "has_glass": "2024-05-27 08:40:58 +0000"
    },
    "done": true
  },
  "pfm:recipes/furniture/red_shower_towel": {
    "criteria": {
      "has_red_wool": "2024-05-27 08:48:36 +0000"
    },
    "done": true
  },
  "minecraft:recipes/decorations/white_carpet": {
    "criteria": {
      "has_white_wool": "2024-05-27 08:42:22 +0000"
    },
    "done": true
  },
  "minecraft:recipes/decorations/glass_pane": {
    "criteria": {
      "has_glass": "2024-05-27 08:40:58 +0000"
    },
    "done": true
  },
  "minecraft:recipes/decorations/purple_banner": {
    "criteria": {
      "has_purple_wool": "2024-05-27 08:42:20 +0000"
    },
    "done": true
  },
  "minecraft:recipes/building_blocks/magenta_stained_glass": {
    "criteria": {
      "has_glass": "2024-05-27 08:40:58 +0000"
    },
    "done": true
  },
  "minecraft:recipes/building_blocks/white_stained_glass": {
    "criteria": {
      "has_glass": "2024-05-27 08:40:58 +0000"
    },
    "done": true
  },
  "securitycraft:recipes/building_blocks/reinforced_pink_stained_glass_pane_from_glass": {
    "criteria": {
      "has_glass": "2024-05-27 08:40:58 +0000"
    },
    "done": true
  },
  "securitycraft:recipes/building_blocks/reinforced_brown_stained_glass": {
    "criteria": {
      "has_glass": "2024-05-27 08:40:58 +0000"
    },
    "done": true
  },
  "securitycraft:recipes/building_blocks/reinforced_orange_stained_glass_pane_from_dye": {
    "criteria": {
      "has_glass": "2024-05-27 08:40:58 +0000"
    },
    "done": true
  },
  "minecraft:recipes/decorations/red_carpet": {
    "criteria": {
      "has_red_wool": "2024-05-27 08:48:36 +0000"
    },
    "done": true
  },
  "minecraft:recipes/brewing/glass_bottle": {
    "criteria": {
      "has_glass": "2024-05-27 08:40:58 +0000"
    },
    "done": true
  },
  "pfm:recipes/furniture/white_modern_pendant": {
    "criteria": {
      "has_white_concrete": "2024-05-27 08:43:19 +0000"
    },
    "done": true
  },
  "securitycraft:recipes/building_blocks/reinforced_pink_stained_glass_pane_from_dye": {
    "criteria": {
      "has_glass": "2024-05-27 08:40:58 +0000"
    },
    "done": true
  },
  "minecraft:recipes/decorations/white_banner": {
    "criteria": {
      "has_white_wool": "2024-05-27 08:42:22 +0000"
    },
    "done": true
  },
  "securitycraft:recipes/building_blocks/reinforced_orange_stained_glass_pane_from_glass": {
    "criteria": {
      "has_glass": "2024-05-27 08:40:58 +0000"
    },
    "done": true
  },
  "securitycraft:recipes/building_blocks/reinforced_cyan_stained_glass_pane_from_glass": {
    "criteria": {
      "has_glass": "2024-05-27 08:40:58 +0000"
    },
    "done": true
  },
  "pfm:recipes/furniture/oak_chair_classic_red": {
    "criteria": {
      "oak_chair_classic_red": "2024-05-27 08:48:36 +0000"
    },
    "done": true
  },
  "minecraft:recipes/building_blocks/purple_stained_glass": {
    "criteria": {
      "has_glass": "2024-05-27 08:40:58 +0000"
    },
    "done": true
  },
  "securitycraft:recipes/building_blocks/reinforced_light_gray_stained_glass_pane_from_dye": {
    "criteria": {
      "has_glass": "2024-05-27 08:40:58 +0000"
    },
    "done": true
  },
  "minecraft:recipes/building_blocks/yellow_stained_glass": {
    "criteria": {
      "has_glass": "2024-05-27 08:40:58 +0000"
    },
    "done": true
  },
  "pfm:recipes/furniture/smooth_stone_kitchen_drawer": {
    "criteria": {
      "has_planks": "2024-05-27 08:43:19 +0000"
    },
    "done": true
  },
  "minecraft:recipes/decorations/yellow_banner": {
    "criteria": {
      "has_yellow_wool": "2024-05-27 08:50:49 +0000"
    },
    "done": true
  },
  "pfm:recipes/furniture/smooth_stone_kitchen_counter": {
    "criteria": {
      "has_planks": "2024-05-27 08:43:19 +0000"
    },
    "done": true
  },
  "securitycraft:recipes/building_blocks/reinforced_yellow_stained_glass_pane_from_dye": {
    "criteria": {
      "has_glass": "2024-05-27 08:40:58 +0000"
    },
    "done": true
  },
  "securitycraft:recipes/building_blocks/reinforced_lime_stained_glass_pane_from_dye": {
    "criteria": {
      "has_glass": "2024-05-27 08:40:58 +0000"
    },
    "done": true
  },
  "minecraft:recipes/decorations/pink_carpet": {
    "criteria": {
      "has_pink_wool": "2024-05-27 08:50:51 +0000"
    },
    "done": true
  },
  "securitycraft:recipes/building_blocks/reinforced_light_blue_stained_glass": {
    "criteria": {
      "has_glass": "2024-05-27 08:40:58 +0000"
    },
    "done": true
  },
  "securitycraft:recipes/building_blocks/reinforced_gray_stained_glass_pane_from_dye": {
    "criteria": {
      "has_glass": "2024-05-27 08:40:58 +0000"
    },
    "done": true
  },
  "securitycraft:recipes/building_blocks/reinforced_pink_stained_glass": {
    "criteria": {
      "has_glass": "2024-05-27 08:40:58 +0000"
    },
    "done": true
  },
  "pfm:recipes/furniture/oak_chair_classic_white": {
    "criteria": {
      "oak_chair_classic_white": "2024-05-27 08:42:22 +0000"
    },
    "done": true
  },
  "securitycraft:recipes/building_blocks/reinforced_magenta_stained_glass_pane_from_glass": {
    "criteria": {
      "has_glass": "2024-05-27 08:40:58 +0000"
    },
    "done": true
  },
  "securitycraft:recipes/building_blocks/reinforced_brown_stained_glass_pane_from_glass": {
    "criteria": {
      "has_glass": "2024-05-27 08:40:58 +0000"
    },
    "done": true
  },
  "DataVersion": 3465
}